kind,width,horizon,variables,clauses,queries,checkpoint,node_limit,recognition_ns,bdd_nodes,global_clauses,average_global_width,theory_clauses,theory_conflicts,average_learned_width,max_learned_width,theory_ns_per_query,full_cdcl_ns_per_query,speedup_vs_full,break_even_queries,sat_queries,unsat_queries,agreement,witnesses_valid,status
mixed3,6,257,1548,12336,50,10,200000,1983000,1158,9,3.333,57,0,0.000,0,1337490.840,1116454.160,0.834738,inf,19,31,true,true,ok
mixed3,6,2049,12300,98352,50,10,200000,10453458,1158,9,3.333,25,1,4.000,4,7307103.340,6232775.840,0.852975,inf,27,23,true,true,ok
mixed3,8,257,2064,16448,50,10,200000,4164042,3151,34,4.206,180,2,3.500,4,3471789.160,2828310.000,0.814655,inf,23,27,true,true,ok
mixed3,8,2049,16400,131136,50,10,200000,15366375,3151,34,4.206,0,0,0.000,0,26027810.000,24729452.500,0.950117,inf,29,21,true,true,ok
mixed3,10,257,2580,20560,50,10,200000,19436000,15311,60,4.250,24,0,0.000,0,12509773.340,10826746.680,0.865463,inf,31,19,true,true,ok
mixed3,10,2049,20500,163920,50,10,200000,33827125,15311,60,4.250,43,0,0.000,0,117796761.660,91449713.320,0.776335,inf,30,20,true,true,ok
mixed3,12,257,3096,24672,50,10,200000,50704542,33733,117,4.709,121,4,3.250,4,65719535.000,80800685.000,1.229477,3.362,30,20,true,true,ok
mixed3,12,2049,24600,196704,50,10,200000,103447042,33733,117,4.709,1,0,0.000,0,636039634.180,356901277.500,0.561131,inf,30,20,true,true,ok
