kind,width,horizon,variables,clauses,queries,checkpoint,node_limit,recognition_ns,bdd_nodes,global_clauses,average_global_width,theory_clauses,theory_conflicts,average_learned_width,max_learned_width,theory_ns_per_query,full_cdcl_ns_per_query,speedup_vs_full,break_even_queries,sat_queries,unsat_queries,agreement,witnesses_valid,status
mux3,6,257,1548,12336,50,10,200000,1888500,765,18,4.000,61,0,0.000,0,1215560.000,973870.840,0.801171,inf,27,23,true,true,ok
mux3,6,2049,12300,98352,50,10,200000,10425584,765,18,4.000,7,0,0.000,0,8341152.500,8434354.160,1.011174,111.860,21,29,true,true,ok
mux3,8,257,2064,16448,50,10,200000,3411000,2232,34,4.000,115,0,0.000,0,4520943.340,5433732.500,1.201902,3.737,20,30,true,true,ok
mux3,8,2049,16400,131136,50,10,200000,15106875,2232,34,4.000,59,0,0.000,0,34953445.000,48769548.320,1.395272,1.093,26,24,true,true,ok
mux3,10,257,2580,20560,50,10,200000,6386292,4551,58,4.000,74,0,0.000,0,11893946.660,14763930.000,1.241298,2.225,26,24,true,true,ok
mux3,10,2049,20500,163920,50,10,200000,20993709,4551,58,4.000,11,0,0.000,0,204325494.180,200948500.840,0.983472,inf,31,19,true,true,ok
mux3,12,257,3096,24672,50,10,200000,11036458,7741,82,4.000,40,0,0.000,0,19927817.500,20182745.000,1.012793,43.293,34,16,true,true,ok
mux3,12,2049,24600,196704,50,10,200000,27508458,7741,82,4.000,0,0,0.000,0,403793599.160,442274442.500,1.095298,0.715,30,20,true,true,ok
