kind,width,horizon,variables,clauses,queries,checkpoint,node_limit,recognition_ns,bdd_nodes,global_clauses,average_global_width,theory_clauses,theory_conflicts,average_learned_width,max_learned_width,theory_ns_per_query,full_cdcl_ns_per_query,speedup_vs_full,break_even_queries,sat_queries,unsat_queries,agreement,witnesses_valid,status
majority3,6,257,1548,12336,50,10,200000,1784667,565,16,4.000,164,0,0.000,0,695181.660,803495.820,1.155807,16.477,23,27,true,true,ok
majority3,6,2049,12300,98352,50,10,200000,10367917,565,16,4.000,8,0,0.000,0,6522145.000,6615411.680,1.014300,111.164,21,29,true,true,ok
majority3,8,257,2064,16448,50,10,200000,3101125,1836,33,4.091,49,3,3.667,4,4239357.500,4997050.840,1.178728,4.093,24,26,true,true,ok
majority3,8,2049,16400,131136,50,10,200000,14510083,1836,33,4.091,14,0,0.000,0,33793852.500,37698982.500,1.115557,3.716,27,23,true,true,ok
majority3,10,257,2580,20560,50,10,200000,5903000,4911,50,4.040,84,0,0.000,0,10836338.340,11567776.680,1.067499,8.070,31,19,true,true,ok
majority3,10,2049,20500,163920,50,10,200000,19948917,4911,50,4.040,18,0,0.000,0,286994688.340,248838834.160,0.867050,inf,28,22,true,true,ok
majority3,12,257,3096,24672,50,10,200000,13020667,11829,68,4.029,140,0,0.000,0,16403644.160,16683615.840,1.017068,46.507,26,24,true,true,ok
majority3,12,2049,24600,196704,50,10,200000,29602417,11829,68,4.029,58,0,0.000,0,418436318.320,463361795.840,1.107365,0.659,31,19,true,true,ok
