kind,width,horizon,variables,clauses,queries,checkpoint,node_limit,backend,gate_reason,clauses_per_bit_step,maximum_fanout,gate_ns,recognition_ns,bdd_nodes,global_clauses,portfolio_ns_per_query,full_cdcl_ns_per_query,query_speedup,amortized_speedup,sat_queries,unsat_queries,agreement,witnesses_valid,status
majority3,6,257,1548,12336,50,10,200000,cdcl,cdcl-fallback,8.000,0,83,83,0,0,778482.500,778482.500,1.000000,0.999998,23,27,true,true,ok
majority3,6,2049,12300,98352,50,10,200000,cdcl,cdcl-fallback,8.000,0,208,208,0,0,6588911.680,6588911.680,1.000000,0.999999,21,29,true,true,ok
majority3,8,257,2064,16448,50,10,200000,cdcl,cdcl-fallback,8.000,0,42,42,0,0,4972648.340,4972648.340,1.000000,1.000000,24,26,true,true,ok
majority3,8,2049,16400,131136,50,10,200000,cdcl,cdcl-fallback,8.000,0,42,42,0,0,37186057.500,37186057.500,1.000000,1.000000,27,23,true,true,ok
majority3,10,257,2580,20560,50,10,200000,cdcl,cdcl-fallback,8.000,0,42,42,0,0,11539165.000,11539165.000,1.000000,1.000000,31,19,true,true,ok
majority3,10,2049,20500,163920,50,10,200000,cdcl,cdcl-fallback,8.000,0,42,42,0,0,245742043.320,245742043.320,1.000000,1.000000,28,22,true,true,ok
majority3,12,257,3096,24672,50,10,200000,cdcl,cdcl-fallback,8.000,0,125,125,0,0,16295381.660,16295381.660,1.000000,1.000000,26,24,true,true,ok
majority3,12,2049,24600,196704,50,10,200000,cdcl,cdcl-fallback,8.000,0,41,41,0,0,425926021.660,425926021.660,1.000000,1.000000,31,19,true,true,ok
